Name,Categories,Price range,Description / notes,Image URL,Local image file
AHOUD (BEDAZZLED) By Urban Virtue,"Fall Collection 🍁; Gourmand, Oriental & Amber Parfum",$19.99 - $79.99,"Top Notes: Orange Blossoms, French Jasmine Middle Notes: Vanilla, White Musk Base Notes: Amber, Sudanese Sandal",https://150971068.cdn6.editmysite.com/uploads/1/5/0/9/150971068/FYACWZAYROME6ZJE6QHELGBO.jpeg,images/01_ahoud-bedazzled-by-urban-virtue.jpeg
EGYPTIAN VANILLA (IMPORTED),"Fall Collection 🍁; Gourmand, Oriental & Amber Parfum",$19.99 - $79.99,"Top Notes: Warm Spices, Citrus Middle Notes: Vanilla Orchid, Jasmine Base Notes: Amber, Musk, Sandalwood",https://150971068.cdn6.editmysite.com/uploads/1/5/0/9/150971068/SQL7HTI4MUP7QVC2JTXIGNYS.jpeg,images/02_egyptian-vanilla-imported.jpeg
TOP SHOTTA By Urban Virtue,Fall Collection 🍁; Earthy & Woody Parfum,$19.99 - $79.99,"Top Notes: Bergamot, Orange Blossom, Cinnamon, Cardamom Middle Notes: Bourbon Vanilla, Elemi Resin Base Notes: Musk, Praline, Guaiac Wood",https://150971068.cdn6.editmysite.com/uploads/1/5/0/9/150971068/RFFMFEF7P6ONN6KWJ56SVKMT.jpeg,images/03_top-shotta-by-urban-virtue.jpeg
LAVENDER LEATHER By Urban Virtue,Fall Collection 🍁; Earthy & Woody Parfum,$19.99 - $79.99,"Top Notes: Lavender, Lemon Middle Notes: Saffron Base Notes: Leather, Oud Chips",https://150971068.cdn6.editmysite.com/uploads/1/5/0/9/150971068/MW5BOTRI6QPXYWPHBQNXOR2A.jpeg,images/04_lavender-leather-by-urban-virtue.jpeg
SUDANESE SANDAL By Urban Virtue,"Fall Collection 🍁; Gourmand, Oriental & Amber Parfum",$19.99 - $79.99,"Top Notes: Cardamom, Dried Dates, Bergamot Middle Notes: Amber, Smoked Frankincense Base Notes: Aged Sudanese Sandalwood, Myrrh, Labdanum, White Musk",https://150971068.cdn6.editmysite.com/uploads/1/5/0/9/150971068/KJTAJGLUQZCFCV4T4GF5CMYF.jpeg,images/05_sudanese-sandal-by-urban-virtue.jpeg
PSPICE By Urban Virtue,Fall Collection 🍁; Earthy & Woody Parfum,$19.99 - $79.99,"Top Notes: Patchouli, Fresh Leaf Accords Middle Notes: Pumpkin, Tobacco Base Notes: Cardamom",https://150971068.cdn6.editmysite.com/uploads/1/5/0/9/150971068/TQWAY4MEGSEIOEWJFIARKJ34.jpeg,images/06_pspice-by-urban-virtue.jpeg
ONE AND ONLY By Gissah,"Fall Collection 🍁; Gourmand, Oriental & Amber Parfum",$19.99 - $79.99,"Top Notes: Bergamot, Passion Fruit, Peach Middle Notes: Caramel, Jasmine, Geranium Flower Base Notes: Madagascar Patchouli, Madagascar Ambergris (Amber), White Musk",https://150971068.cdn6.editmysite.com/uploads/1/5/0/9/150971068/FERPDO5DXT7LLOX7QPWDXKNH.jpeg,images/07_one-and-only-by-gissah.jpeg
AMBERWOOD MUSK By Urban Virtue,Fall Collection 🍁; Body Musk,$19.99 - $79.99,"Top Notes: Clary Sage, Sweet Amber, Red Musk Middle Notes: White Musk, Wet Earth Base Notes: Sandalwood, Ambergris, Oud",https://150971068.cdn6.editmysite.com/uploads/1/5/0/9/150971068/Y2TEGQQRAOWKFJHJW6KNQ4FG.jpeg,images/08_amberwood-musk-by-urban-virtue.jpeg
ORCHID OUD By Urban Virtue,The Liquid Grail,$29.99 - $99.99,"Top Notes: Bergamot, Saffron, Orange Blossom Middle Notes: Orchid, Rose, Oud Base Notes: Amber, Patchouli, Vanilla",https://150971068.cdn6.editmysite.com/uploads/1/5/0/9/150971068/ZQBFZQW2BJOODJCY3LDHKHK4.jpeg,images/09_orchid-oud-by-urban-virtue.jpeg
BLACK OUD By Urban Virtue,The Liquid Grail; Earthy & Woody Parfum,$29.99 - $99.99,"Top Notes: Nutmeg, Cumin, Spice Notes Middle Notes: Cambodian Aragwood (Oud), Oak Moss, Tonka Bean Base Notes: Sandalwood, Cedar, Amber GLASSES BY YVETTE CROCKER",https://150971068.cdn6.editmysite.com/uploads/1/5/0/9/150971068/NRAMFCXCA477OQDZJOJ5FO6P.jpeg,images/10_black-oud-by-urban-virtue.jpeg
ARAQ AL NABI By Urban Virtue,The Liquid Grail; Body Musk,$49.99 - $139.99,"AKA ""THE SWEAT OF THE PROPHET"" UV PARFUMS SIGNATURE FRAGRANCE Top Notes: Fresh Green Leaves, Citrus, Rose Heart Note: White Musk, Lotus, Honey Base Notes: Powdery Musk, Moss, Sandalwood",https://150971068.cdn6.editmysite.com/uploads/1/5/0/9/150971068/QZMPE5NUFOMVQHSIR6HJUWJ2.jpeg,images/11_araq-al-nabi-by-urban-virtue.jpeg
JUMMAH MUSK By Urban Virtue,The Liquid Grail; Earthy & Woody Parfum,$29.99 - $99.99,"Top Notes: Citrus, Lavender Middle Notes: Jasmine, Rose, Red Musk Base Notes: Musk, Amber, Sandalwood, Black Deer Musk",https://150971068.cdn6.editmysite.com/uploads/1/5/0/9/150971068/6O6PJAQUHBMO6E4AFCSGADPU.jpeg,images/12_jummah-musk-by-urban-virtue.jpeg
ROSE WATER By Urban Virtue,The Liquid Grail; Floral & Citrus Parfum,$29.99 - $99.99,"Top Notes: Fresh Green Leaves, Citrus Middle Notes: Rose Taify, Peony Base Notes: Musk, Soft Woods",https://150971068.cdn6.editmysite.com/uploads/1/5/0/9/150971068/SQL7HTI4MUP7QVC2JTXIGNYS.jpeg,images/13_rose-water-by-urban-virtue.jpeg
ROSE MUSK By Urban Virtue,Body Musk,$19.99 - $79.99,"A soft, elegant musk crafted from traditional Musk Al Tahara of Madina, blended with pure Turkish rose extract. This fragrance is clean, delicate, and intimate—opening with fresh rose petals before settling into a smooth, comforting white musk. Subtle, refined, and long-lasting, it’s designed to sit close to the skin for a timeless scent experience. Top Notes: Fresh Turkish Rose Petals Middle Notes: Soft Floral Musk Base Notes: Pure White Musk (Musk Al Tahara)",https://150971068.cdn6.editmysite.com/uploads/1/5/0/9/150971068/JV3X7UNLU6HBWP5AYI5Y3Q4C.jpeg,images/14_rose-musk-by-urban-virtue.jpeg
PROPHETIC MUSK,Body Musk,$19.99 - $79.99,"Musk Al Tahara from Madina, SA Top Notes: Lemon, White Lotus Middle Notes: Rose, Vanilla, Honey Base Notes: Musk, Sandalwood, Powdery",https://150971068.cdn6.editmysite.com/uploads/1/5/0/9/150971068/C4BWZ2TMQHMPIKETPB4GU4PG.jpeg,images/15_prophetic-musk.jpeg
OUD FOR GREATNESS By Initio,Earthy & Woody Parfum,$19.99 - $79.99,"Top Notes: Saffron, Nutmeg Middle Notes: Lavender, Oud Base Notes: Musk, Amber, Patchouli",https://150971068.cdn6.editmysite.com/uploads/1/5/0/9/150971068/A6YDW4ZC32VXLRBFGLVS2MOM.jpeg,images/16_oud-for-greatness-by-initio.jpeg
VA TOBACCO CO. By Urban Virtue,Earthy & Woody Parfum,$19.99 - $79.99,"Top Notes: Tobacco Leaf, Spicy Notes Middle Notes: Vanilla, Cacao, Tonka Bean Base Notes: Dried Fruits, Woody Notes",https://150971068.cdn6.editmysite.com/uploads/1/5/0/9/150971068/C6G6QAGDRAU2U45HUVH54XNP.jpeg,images/17_va-tobacco-co-by-urban-virtue.jpeg
AMIRA (PRINCESS) By Urban Virtue,Floral & Citrus Parfum,$19.99 - $79.99,"""AKA 555"" Top Notes: Floral Notes Middle Notes: Musk Base Notes: Patchouli, Ambergris, Jasmine",https://150971068.cdn6.editmysite.com/uploads/1/5/0/9/150971068/YUYSNSM2RCS77EGLJHQXT4XP.jpeg,images/18_amira-princess-by-urban-virtue.jpeg
SAHARA BLANC By Urban Virtue,Floral & Citrus Parfum,$19.99 - $79.99,"Top Notes: Citrus Accords, Blackcurrant, Raspberry, Saffron Middle Notes: Tuberose, Lily of the Valley, Gardenia Base Notes: Musk, Sandalwood, Patchouli, Distilled Vietnamese Oud",https://150971068.cdn6.editmysite.com/uploads/1/5/0/9/150971068/XJNQ2WKCFK3VX5EBH3WRUNTH.jpeg,images/19_sahara-blanc-by-urban-virtue.jpeg
SOUTH OF FRANCE By Urban Virtue,Floral & Citrus Parfum,$19.99 - $79.99,"Top Notes: Ginger, Cardamom, Pepper Middle Notes: Gardenia, Orange Blossom, Peony, Coconut Base Notes: Amber, Sandalwood, Musk, Rose Taify",https://150971068.cdn6.editmysite.com/uploads/1/5/0/9/150971068/U3DONLAKISTDKPF3EDIYIT52.jpeg,images/20_south-of-france-by-urban-virtue.jpeg
ORCHID By Urban Virtue,Floral & Citrus Parfum,$19.99 - $79.99,"Top Notes: Black Currant, Pear Middle Notes: Iris, Jasmine, Orange Blossom Base Notes: Praline, Vanilla, Patchouli, Tonka Bean",https://150971068.cdn6.editmysite.com/uploads/1/5/0/9/150971068/W7KUXNUNDY4T2I675CGRECM6.jpeg,images/21_orchid-by-urban-virtue.jpeg
1760 LEMON DROP By Urban Virtue,Floral & Citrus Parfum,$19.99 - $79.99,"Top Notes: Pineapple, Blackcurrant, Apple, Bergamot Middle Notes: Birch, Patchouli, Jasmine, Rose Base Notes: Musk, Oakmoss, Ambergris, Vanilla, Pink Pepper",https://150971068.cdn6.editmysite.com/uploads/1/5/0/9/150971068/LOLO4JNRQ3AUXWZQHOT36KZQ.jpeg,images/22_1760-lemon-drop-by-urban-virtue.jpeg
ORANGE BLOSSOMS By Urban Virtue,Floral & Citrus Parfum,$19.99 - $79.99,"Top Notes: Peach, Citrus, Amber Middle Notes: Orange Blossom, White Floral Bouquet Base Notes: Patchouli, Cashmere Wood, Musk",https://150971068.cdn6.editmysite.com/uploads/1/5/0/9/150971068/SQL7HTI4MUP7QVC2JTXIGNYS.jpeg,images/23_orange-blossoms-by-urban-virtue.jpeg
COME CLOSER By Urban Virtue,"Gourmand, Oriental & Amber Parfum",$19.99 - $79.99,"Top Notes: Bergamot, Mandarin, Lavender Middle Notes: Jasmine Sambac, Orange Blossom, Orchid Base Notes: Vanilla, Tonka Bean, Ambergris, Vetiver",https://150971068.cdn6.editmysite.com/uploads/1/5/0/9/150971068/SQL7HTI4MUP7QVC2JTXIGNYS.jpeg,images/24_come-closer-by-urban-virtue.jpeg
PETAL MIRAGE By Urban Virtue,"Gourmand, Oriental & Amber Parfum",$19.99 - $79.99,"Top Notes: Orange, Honey Middle Notes: Lily, Rose, Saffron, Earthy Notes Base Notes: Musk, Sandalwood, Vanilla",https://150971068.cdn6.editmysite.com/uploads/1/5/0/9/150971068/BAO62PO3VKQSSKOJT6KI6DVN.jpeg,images/25_petal-mirage-by-urban-virtue.jpeg
BACCARAT ROUGE 540 By Maison Francis Kurkdjian,"Gourmand, Oriental & Amber Parfum",$19.99 - $79.99,"Top Notes: Saffron, Jasmine Middle Notes: Amberwood, Ambergris Base Notes: Fir Resin, Cedar",https://150971068.cdn6.editmysite.com/uploads/1/5/0/9/150971068/KNTA3YVOGZDMPGFVXZSL2M2J.jpeg,images/26_baccarat-rouge-540-by-maison-francis-kurkdjian.jpeg
VETIVER TONIC By Urban Virtue,Aqua Parfum,$19.99 - $79.99,"Inspired By Imagination by Louis Vuitton Top Notes: Citron, Bergamot, and Sicilian Orange. Middle Notes: Tunisian Neroli, Ginger, and Ceylon Cinnamon. Base Notes: Chinese Black Tea, Ambroxan, Guaiac Wood, and Vetiver",https://150971068.cdn6.editmysite.com/uploads/1/5/0/9/150971068/ZCU3AL67OLMG3HZOLGICXK4T.jpeg,images/27_vetiver-tonic-by-urban-virtue.jpeg
CEDARWOOD (IMPORTED),Single Notes,$30.00 - $50.00,"Warm, grounding, and deeply comforting. Cedarwood opens with rich, dry woody tones that evoke freshly cut timber and sun-warmed forest bark. Its aroma carries subtle hints of smoke and resin, creating a calm, meditative atmosphere. Known for its natural depth and longevity, Cedarwood adds strength and balance to any blend — ideal for those who appreciate earthy, timeless elegance. Scent Profile: Dry wood • Resin • Slightly smoky • Earthy Mood: Centering, grounded, masculine-neutral warmth",https://150971068.cdn6.editmysite.com/uploads/1/5/0/9/150971068/MLXLZEFORKBKT7M43G5HH5XW.png,images/28_cedarwood-imported.png
FRENCH JASMINE (IMPORTED),Single Notes,$30.00 - $50.00,"Lush, intoxicating, and romantic. French Jasmine blooms with rich floral sweetness, wrapped in creamy, honeyed undertones. Its heady aroma fills the air with warmth and sensuality, reminiscent of moonlit gardens in full bloom. A timeless note that adds elegance and depth to any fragrance. Scent Profile: Floral • Sweet • Creamy • Sensual Mood: Romantic, elegant, luxurious calm",https://150971068.cdn6.editmysite.com/uploads/1/5/0/9/150971068/DXYOLRHZLMKFRJWFXEAFRDO2.png,images/29_french-jasmine-imported.png
TAIFI ROSE (IMPORTED),Single Notes,$30.00 - $50.00,"Bright, refined, and unmistakably luxurious. Taifi Rose, native to the highlands of Taif, Saudi Arabia, releases a crisp, vibrant floral aroma with hints of citrus and spice. Its scent is fresher and more sparkling than typical rose oils, radiating sophistication and purity. A rare and royal essence that embodies true elegance. Scent Profile: Floral • Fresh • Spicy • Citrusy Mood: Regal, uplifting, romantic clarity",https://150971068.cdn6.editmysite.com/uploads/1/5/0/9/150971068/GVHM72MQQPU5BJN25GIMSBRY.png,images/30_taifi-rose-imported.png
ISTANBUL ROSE (IMPORTED),Single Notes,$30.00 - $50.00,"Deep, velvety, and alluring. Istanbul Rose unfolds with a rich bouquet of full-bodied petals touched by amber warmth and soft musk. Its aroma is both romantic and mysterious — capturing the spirit of old-world bazaars and twilight gardens. A sensual, enduring rose that lingers beautifully on the skin. Scent Profile: Floral • Warm • Musky • Ambered Mood: Mysterious, romantic, timeless allure",https://150971068.cdn6.editmysite.com/uploads/1/5/0/9/150971068/ZQ35WCCNRVL7QLMISCCNSLCD.png,images/31_istanbul-rose-imported.png
LEATHER (IMPORTED),Single Notes,$30.00 - $50.00,"Bold, smooth, and irresistibly sophisticated. Leather opens with rich suede tones, softened by smoky woods and a hint of spice. Its aroma evokes fine craftsmanship — like a freshly polished jacket or a classic car interior. Deep and confident, it adds a luxurious edge to any fragrance. Scent Profile: Smoky • Woody • Suede • Spicy Mood: Confident, refined, timeless strength",https://150971068.cdn6.editmysite.com/uploads/1/5/0/9/150971068/EV5MPFENACFNWUDWW2KJTHET.png,images/32_leather-imported.png
LAVENDER (IMPORTED),Single Notes,$30.00 - $50.00,"Fresh, calming, and beautifully aromatic. Lavender opens with crisp herbal notes and a gentle floral sweetness, evoking fields in full bloom under the summer sun. Its soothing scent brings clarity and relaxation, making it a timeless classic for balance and tranquility. Scent Profile: Floral • Herbal • Fresh • Soft Mood: Calm, clean, restorative peace",https://150971068.cdn6.editmysite.com/uploads/1/5/0/9/150971068/UWB4WWKK3XB5C7543HYTMGRU.png,images/33_lavender-imported.png
PATCHOULI (IMPORTED),Single Notes,$30.00 - $50.00,"Earthy, warm, and irresistibly sensual. Patchouli reveals deep woody undertones layered with hints of spice and sweet moss. Its rich, grounding aroma carries a natural sophistication — balancing raw earthiness with smooth, lingering warmth. A classic note that embodies depth and calm. Scent Profile: Earthy • Woody • Spicy • Warm Mood: Grounded, sensual, timeless balance",https://150971068.cdn6.editmysite.com/uploads/1/5/0/9/150971068/Q4O6XOOITALSLHUL5QN62ACT.png,images/34_patchouli-imported.png
TOBACCO (IMPORTED),Single Notes,$30.00 - $50.00,"Rich, smoky, and warmly addictive. Tobacco opens with deep notes of cured leaves and golden honey, rounded by hints of spice and vanilla. Its scent captures the essence of vintage lounges and quiet confidence — smooth, sophisticated, and enduring. Scent Profile: Smoky • Sweet • Spiced • Warm Mood: Bold, nostalgic, effortlessly refined",https://150971068.cdn6.editmysite.com/uploads/1/5/0/9/150971068/HAE4G6VSHCVDVJBQJCIGLCNX.png,images/35_tobacco-imported.png
SANDALWOOD (IMPORTED),Single Notes,$30.00 - $50.00,"Creamy, smooth, and deeply comforting. Sandalwood unfolds with warm woody tones, soft musk, and a touch of sweetness. Its scent is tranquil and enduring — a symbol of inner peace and understated luxury. Perfect on its own or as a rich base in layered blends. Scent Profile: Woody • Creamy • Soft • Warm Mood: Peaceful, meditative, timeless elegance",https://150971068.cdn6.editmysite.com/uploads/1/5/0/9/150971068/7HHNTZ5QEP4I5QCXLTUYJSHG.png,images/36_sandalwood-imported.png
WHITE SAFFRON (IMPORTED),Single Notes,$30.00 - $50.00,"Exotic, luminous, and refined. White Saffron opens with a delicate spice that melts into soft florals and creamy woods. Its golden warmth feels airy yet luxurious — a modern take on classic saffron’s richness, offering elegance without heaviness. Scent Profile: Spicy • Floral • Woody • Warm Mood: Elegant, radiant, quietly powerful",https://150971068.cdn6.editmysite.com/uploads/1/5/0/9/150971068/NCVGD2UT2LTKWI7E2674BTFB.png,images/37_white-saffron-imported.png
SUDAN'S FRANKINCENSE (IMPORTED),Single Notes,$30.00 - $50.00,"Sacred, resinous, and quietly powerful. Sourced from the heart of Sudan, this frankincense opens with bright citrusy resin notes, unfolding into warm balsamic woods and soft incense smoke. Its aroma is clean yet mystical — grounding the senses while evoking ancient rituals and spiritual depth. Scent Profile: Resinous • Citrusy • Woody • Incense Mood: Meditative, grounding, sacred calm",https://150971068.cdn6.editmysite.com/uploads/1/5/0/9/150971068/MFKDUU5EVM53MYUV34SBALKO.png,images/38_sudan-s-frankincense-imported.png
LEMON (IMPORTED),Single Notes,$30.00 - $50.00,"Bright, crisp, and uplifting. Lemon bursts open with fresh citrus zest and clean, sparkling sharpness. Its vibrant aroma feels energizing and refreshing, bringing clarity and light to any blend while remaining smooth and natural on the skin. Scent Profile: Citrus • Fresh • Zesty • Clean Mood: Uplifting, refreshing, radiant energy",https://150971068.cdn6.editmysite.com/uploads/1/5/0/9/150971068/6BVP25VOF77ML2JLYUZ26FVF.jpeg,images/39_lemon-imported.jpeg
SANDAL ROSE (IMPORTED),Single Notes,$30.00 - $50.00,"Soft, romantic, and beautifully balanced. Sandalwood Rose blends the creamy warmth of sandalwood with the delicate elegance of fresh rose petals. The result is a smooth, floral-woody harmony — comforting yet sensual, timeless yet modern. A refined scent that lingers with quiet luxury. Scent Profile: Floral • Woody • Creamy • Soft Mood: Romantic, serene, understated elegance",https://150971068.cdn6.editmysite.com/uploads/1/5/0/9/150971068/X3RB4GZJLLLK67TKJCALCOD6.png,images/40_sandal-rose-imported.png
COFFEE (IMPORTED),Single Notes,$30.00 - $50.00,"Dark, rich, and irresistibly warm. Coffee opens with the bold aroma of freshly roasted beans, layered with subtle cocoa and smoky undertones. Its deep, comforting scent feels indulgent and energizing — adding warmth, depth, and character to any fragrance blend. Scent Profile: Roasted • Bitter-sweet • Smoky • Warm Mood: Energizing, cozy, indulgent depth",https://150971068.cdn6.editmysite.com/uploads/1/5/0/9/150971068/DN5NOGGANQXVEG5K7VEHD7UD.png,images/41_coffee-imported.png
